frame,L1,P1,L2,P2,L3,P3,L4,P4
0,152,152,160,160,137,137,108,108
1,155,155,163,163,137,137,111,111
2,155,155,163,163,137,137,109,111
3,155,155,162,163,137,137,110,111
4,152,155,160,163,137,137,108,111
5,151,155,160,163,137,137,116,116
6,152,155,160,163,137,137,112,116
7,154,155,160,163,137,137,112,116
8,152,155,160,163,137,137,112,116
9,152,155,160,163,137,137,113,116
10,152,155,160,163,137,137,113,116
11,152,155,160,163,137,137,113,116
12,151,155,160,163,137,137,113,116
13,151,155,160,163,137,137,113,116
14,151,155,160,163,137,137,114,116
15,151,155,160,163,137,137,115,116
16,151,155,160,163,137,137,115,116
17,151,155,161,163,137,137,115,116
18,151,155,160,163,137,137,115,116
19,154,155,163,163,137,137,113,116
20,159,159,163,163,137,137,114,116
21,159,159,163,163,137,137,114,116
22,159,159,163,163,137,137,118,118
23,159,159,163,163,137,137,118,118
24,158,159,163,163,137,137,118,118
25,155,159,160,163,137,137,118,118
26,153,159,160,163,137,137,118,118
27,153,159,160,163,137,137,119,119
28,153,159,160,163,137,137,117,119
29,153,159,160,163,137,137,117,119
30,152,159,160,163,137,137,119,119
31,152,159,160,163,137,137,119,119
32,152,159,160,163,137,137,119,119
33,152,159,160,163,137,137,119,119
34,152,159,160,163,137,137,119,119
35,152,159,160,163,137,137,116,119
36,152,159,160,163,137,137,116,119
37,152,159,160,163,137,137,117,119
38,152,159,160,163,137,137,117,119
39,152,159,160,163,137,137,120,120
40,152,159,160,163,137,137,117,120
41,157,159,161,163,139,139,116,120
42,156,159,161,163,137,139,116,120
43,156,159,161,163,137,139,116,120
44,156,159,161,163,137,139,116,120
45,157,159,161,163,137,139,116,120
46,158,159,161,163,137,139,116,120
47,158,159,161,163,137,139,116,120
48,158,159,161,163,137,139,116,120
49,158,159,161,163,137,139,116,120
50,158,159,161,163,137,139,116,120
51,158,159,161,163,137,139,116,120
52,158,159,161,163,137,139,116,120
53,158,159,161,163,137,139,117,120
54,158,159,161,163,137,139,117,120
55,158,159,161,163,137,139,117,120
56,158,159,161,163,137,139,117,120
57,158,159,166,166,137,139,117,120
58,158,159,166,166,137,139,117,120
59,158,159,166,166,137,139,117,120
60,158,159,166,166,137,139,117,120
61,158,159,166,166,137,139,117,120
62,158,159,166,166,137,139,117,120
63,158,159,166,166,137,139,117,120
64,158,159,166,166,137,139,117,120
65,159,159,166,166,137,139,117,120
66,162,162,163,166,137,139,118,120
67,163,163,165,166,137,139,119,120
68,161,163,160,166,138,139,119,120
69,161,163,163,166,139,139,119,120
70,161,163,167,167,139,139,118,120
71,158,163,167,167,139,139,118,120
72,158,163,167,167,139,139,119,120
73,153,163,167,167,139,139,118,120
74,153,163,167,167,139,139,118,120
75,148,163,167,167,139,139,119,120
76,148,163,166,167,139,139,119,120
77,142,163,166,167,139,139,119,120
78,142,163,166,167,139,139,118,120
79,136,163,166,167,139,139,118,120
80,136,163,166,167,139,139,118,120
81,131,163,169,169,140,140,118,120
82,131,163,169,169,140,140,118,120
83,126,163,169,169,140,140,118,120
84,126,163,169,169,140,140,118,120
85,126,163,169,169,140,140,118,120
86,126,163,169,169,140,140,118,120
87,126,163,169,169,140,140,118,120
88,125,163,169,169,140,140,118,120
89,125,163,169,169,141,141,118,120
90,124,163,169,169,141,141,120,120
91,124,163,169,169,141,141,120,120
92,124,163,169,169,141,141,120,120
93,123,163,169,169,141,141,120,120
94,121,163,169,169,141,141,120,120
95,121,163,169,169,141,141,120,120
96,121,163,169,169,141,141,120,120
97,121,163,169,169,141,141,120,120
98,113,163,168,169,141,141,120,120
99,110,163,169,169,141,141,120,120
100,102,163,167,169,141,141,120,120
101,96,163,167,169,141,141,120,120
102,96,163,167,169,141,141,120,120
103,96,163,167,169,141,141,120,120
104,96,163,167,169,141,141,120,120
105,94,163,167,169,141,141,121,121
106,90,163,167,169,141,141,120,121
107,90,163,167,169,141,141,121,121
108,90,163,167,169,141,141,120,121
109,87,163,167,169,141,141,120,121
110,85,163,167,169,141,141,120,121
111,85,163,167,169,141,141,120,121
112,85,163,167,169,141,141,120,121
113,84,163,167,169,141,141,121,121
114,84,163,167,169,141,141,121,121
115,84,163,167,169,141,141,122,122
116,84,163,167,169,141,141,122,122
117,85,163,167,169,141,141,122,122
118,85,163,167,169,141,141,122,122
119,87,163,167,169,141,141,122,122
120,87,163,167,169,141,141,122,122
121,87,163,165,169,141,141,122,122
122,87,163,165,169,141,141,122,122
123,87,163,165,169,141,141,122,122
124,87,163,165,169,141,141,122,122
125,86,163,165,169,141,141,122,122
126,86,163,165,169,141,141,122,122
127,86,163,165,169,141,141,122,122
128,86,163,165,169,141,141,122,122
129,86,163,166,169,140,141,122,122
130,86,163,166,169,139,141,122,122
131,85,163,166,169,139,141,122,122
132,85,163,166,169,138,141,122,122
133,86,163,165,169,138,141,122,122
134,87,163,165,169,138,141,122,122
135,87,163,165,169,138,141,122,122
136,87,163,165,169,138,141,122,122
137,86,163,165,169,138,141,122,122
138,86,163,165,169,138,141,122,122
139,83,163,165,169,138,141,122,122
140,83,163,165,169,138,141,122,122
141,82,163,165,169,138,141,122,122
142,82,163,165,169,138,141,122,122
143,86,163,165,169,138,141,122,122
144,86,163,165,169,138,141,122,122
145,89,163,165,169,138,141,122,122
146,89,163,165,169,138,141,122,122
147,90,163,165,169,138,141,122,122
148,90,163,165,169,138,141,122,122
149,94,163,165,169,138,141,122,122
150,98,163,165,169,138,141,122,122
151,98,163,165,169,138,141,122,122
152,98,163,165,169,138,141,122,122
153,98,163,165,169,138,141,122,122
154,97,163,165,169,138,141,122,122
155,97,163,165,169,138,141,122,122
156,97,163,165,169,138,141,122,122
157,97,163,165,169,138,141,122,122
158,95,163,165,169,138,141,122,122
159,95,163,165,169,138,141,122,122
160,91,163,169,169,138,141,122,122
161,91,163,169,169,138,141,122,122
162,91,163,169,169,138,141,122,122
163,90,163,169,169,140,141,122,122
164,90,163,169,169,140,141,122,122
165,89,163,169,169,138,141,122,122
166,89,163,169,169,138,141,122,122
167,94,163,169,169,138,141,122,122
168,94,163,169,169,138,141,122,122
169,92,163,169,169,138,141,121,122
170,92,163,169,169,138,141,121,122
171,91,163,170,170,138,141,121,122
172,91,163,170,170,138,141,121,122
173,91,163,170,170,138,141,121,122
174,91,163,170,170,138,141,121,122
175,92,163,170,170,138,141,121,122
176,92,163,170,170,138,141,121,122
177,95,163,170,170,138,141,121,122
178,95,163,170,170,138,141,121,122
179,95,163,170,170,138,141,121,122
180,98,163,168,170,138,141,121,122
181,99,163,169,170,138,141,121,122
182,99,163,170,170,138,141,121,122
183,100,163,170,170,138,141,121,122
184,101,163,170,170,138,141,122,122
185,100,163,170,170,138,141,122,122
186,100,163,170,170,138,141,122,122
187,99,163,170,170,138,141,122,122
188,99,163,170,170,137,141,122,122
189,99,163,170,170,138,141,122,122
190,99,163,170,170,138,141,122,122
191,99,163,170,170,138,141,122,122
192,99,163,170,170,138,141,122,122
193,99,163,170,170,138,141,122,122
194,99,163,170,170,138,141,122,122
195,99,163,170,170,138,141,122,122
196,99,163,170,170,138,141,122,122
197,98,163,170,170,139,141,123,123
198,96,163,170,170,139,141,123,123
199,96,163,170,170,141,141,124,124
200,96,163,170,170,141,141,124,124
201,102,163,171,171,141,141,124,124
202,102,163,171,171,141,141,124,124
203,102,163,171,171,141,141,125,125
204,102,163,173,173,141,141,125,125
205,99,163,173,173,141,141,125,125
206,95,163,173,173,141,141,125,125
207,95,163,171,173,141,141,125,125
208,95,163,171,173,141,141,125,125
209,95,163,171,173,141,141,125,125
210,96,163,169,173,141,141,125,125
211,96,163,169,173,141,141,125,125
212,96,163,168,173,141,141,125,125
213,98,163,168,173,141,141,127,127
214,98,163,168,173,141,141,127,127
215,100,163,156,173,141,141,127,127
216,100,163,156,173,141,141,127,127
217,102,163,151,173,141,141,125,127
218,102,163,149,173,141,141,125,127
219,102,163,149,173,141,141,125,127
220,102,163,149,173,141,141,125,127
221,102,163,149,173,142,142,125,127
222,102,163,149,173,142,142,125,127
223,102,163,149,173,143,143,125,127
224,101,163,149,173,143,143,125,127
225,102,163,149,173,143,143,125,127
226,102,163,149,173,143,143,125,127
227,101,163,147,173,143,143,125,127
228,101,163,147,173,143,143,125,127
229,103,163,143,173,143,143,125,127
230,103,163,142,173,143,143,125,127
231,103,163,140,173,143,143,125,127
232,103,163,140,173,143,143,125,127
233,103,163,141,173,143,143,125,127
234,102,163,141,173,143,143,125,127
235,102,163,141,173,143,143,125,127
236,102,163,141,173,143,143,125,127
237,103,163,137,173,143,143,127,127
238,103,163,137,173,143,143,127,127
239,103,163,133,173,143,143,128,128
240,103,163,133,173,143,143,128,128
241,103,163,133,173,143,143,127,128
242,103,163,133,173,143,143,127,128
243,103,163,133,173,143,143,127,128
244,103,163,133,173,143,143,127,128
245,103,163,129,173,143,143,127,128
246,103,163,125,173,143,143,127,128
247,103,163,125,173,143,143,127,128
248,103,163,125,173,143,143,127,128
249,103,163,125,173,143,143,127,128
250,105,163,115,173,144,144,127,128
251,105,163,115,173,144,144,127,128
252,105,163,115,173,144,144,127,128
253,105,163,115,173,144,144,127,128
254,105,163,114,173,144,144,127,128
255,105,163,114,173,144,144,127,128
256,105,163,114,173,144,144,127,128
257,105,163,108,173,145,145,127,128
258,105,163,101,173,145,145,127,128
259,105,163,101,173,145,145,127,128
260,105,163,101,173,145,145,127,128
261,105,163,100,173,145,145,130,130
262,105,163,98,173,145,145,130,130
263,105,163,98,173,145,145,130,130
264,105,163,98,173,145,145,129,130
265,106,163,97,173,146,146,129,130
266,108,163,95,173,146,146,129,130
267,108,163,95,173,147,147,129,130
268,108,163,95,173,147,147,129,130
269,108,163,93,173,147,147,129,130
270,108,163,95,173,147,147,129,130
271,108,163,95,173,147,147,129,130
272,108,163,95,173,147,147,129,130
273,108,163,96,173,147,147,129,130
274,108,163,96,173,147,147,129,130
275,108,163,93,173,147,147,129,130
276,108,163,93,173,147,147,129,130
277,108,163,94,173,147,147,129,130
278,108,163,94,173,147,147,129,130
279,108,163,95,173,147,147,129,130
280,108,163,94,173,147,147,129,130
281,108,163,94,173,147,147,129,130
282,108,163,93,173,147,147,129,130
283,108,163,93,173,147,147,129,130
284,108,163,93,173,147,147,129,130
285,109,163,93,173,147,147,129,130
286,109,163,93,173,147,147,129,130
287,109,163,93,173,147,147,129,130
288,109,163,93,173,147,147,129,130
289,109,163,93,173,147,147,129,130
290,109,163,93,173,147,147,129,130
291,109,163,93,173,147,147,129,130
292,109,163,93,173,150,150,129,130
293,109,163,93,173,150,150,129,130
294,109,163,93,173,150,150,129,130
295,109,163,93,173,150,150,129,130
296,109,163,93,173,150,150,130,130
297,109,163,93,173,150,150,130,130
298,109,163,93,173,150,150,130,130
299,109,163,93,173,150,150,131,131
300,109,163,93,173,150,150,133,133
301,109,163,93,173,150,150,133,133
302,109,163,93,173,150,150,133,133
303,109,163,93,173,150,150,133,133
304,109,163,93,173,150,150,133,133
305,109,163,93,173,150,150,133,133
306,109,163,93,173,150,150,133,133
307,109,163,93,173,150,150,123,133
308,109,163,93,173,150,150,123,133
309,109,163,93,173,150,150,123,133
310,109,163,93,173,150,150,123,133
311,109,163,93,173,150,150,123,133
312,109,163,93,173,150,150,123,133
313,109,163,93,173,150,150,134,134
314,108,163,98,173,150,150,134,134
315,108,163,98,173,150,150,134,134
316,108,163,98,173,150,150,134,134
317,108,163,98,173,150,150,134,134
318,108,163,98,173,150,150,134,134
319,108,163,98,173,150,150,134,134
320,104,163,105,173,151,151,133,134
321,104,163,105,173,151,151,133,134
322,104,163,105,173,151,151,133,134
323,102,163,108,173,151,151,133,134
324,102,163,108,173,151,151,133,134
325,102,163,108,173,151,151,132,134
326,102,163,108,173,151,151,132,134
327,105,163,108,173,151,151,132,134
328,105,163,108,173,151,151,132,134
329,105,163,109,173,151,151,133,134
330,105,163,109,173,151,151,133,134
331,106,163,109,173,151,151,133,134
332,108,163,109,173,151,151,133,134
333,108,163,109,173,151,151,133,134
334,108,163,109,173,151,151,133,134
335,106,163,109,173,152,152,133,134
336,106,163,109,173,152,152,132,134
337,106,163,109,173,152,152,133,134
338,106,163,109,173,152,152,133,134
339,106,163,109,173,153,153,133,134
340,106,163,109,173,153,153,133,134
341,106,163,109,173,153,153,134,134
342,106,163,109,173,152,153,134,134
343,106,163,109,173,152,153,134,134
344,106,163,109,173,152,153,134,134
345,106,163,109,173,152,153,134,134
346,106,163,109,173,152,153,134,134
347,106,163,109,173,152,153,134,134
348,106,163,109,173,152,153,134,134
349,106,163,109,173,152,153,134,134
350,109,163,109,173,152,153,134,134
351,106,163,109,173,152,153,134,134
352,106,163,109,173,152,153,134,134
353,106,163,109,173,152,153,134,134
354,106,163,109,173,152,153,134,134
355,106,163,109,173,152,153,134,134
356,106,163,109,173,152,153,134,134
357,106,163,109,173,152,153,134,134
358,105,163,109,173,152,153,134,134
359,109,163,109,173,152,153,134,134
360,106,163,109,173,152,153,134,134
361,109,163,110,173,152,153,134,134
362,106,163,110,173,152,153,136,136
363,109,163,110,173,153,153,134,136
364,109,163,110,173,153,153,134,136
365,109,163,112,173,153,153,134,136
366,109,163,112,173,153,153,135,136
367,109,163,112,173,153,153,134,136
368,109,163,112,173,153,153,134,136
369,109,163,112,173,153,153,135,136
370,109,163,110,173,153,153,135,136
371,109,163,112,173,153,153,134,136
372,109,163,112,173,153,153,134,136
373,109,163,112,173,153,153,135,136
374,109,163,110,173,153,153,135,136
375,109,163,112,173,152,153,135,136
376,109,163,112,173,151,153,135,136
377,109,163,112,173,150,153,135,136
378,109,163,110,173,147,153,135,136
379,109,163,109,173,147,153,135,136
380,109,163,109,173,147,153,135,136
381,111,163,110,173,143,153,135,136
382,111,163,112,173,143,153,135,136
383,113,163,112,173,143,153,135,136
384,114,163,112,173,143,153,135,136
385,114,163,112,173,140,153,135,136
386,114,163,112,173,138,153,135,136
387,115,163,112,173,137,153,135,136
388,114,163,112,173,137,153,135,136
389,114,163,112,173,134,153,135,136
390,114,163,112,173,130,153,135,136
391,114,163,112,173,128,153,135,136
392,114,163,112,173,128,153,135,136
393,114,163,112,173,125,153,135,136
394,114,163,112,173,125,153,135,136
395,114,163,112,173,124,153,135,136
396,114,163,112,173,124,153,135,136
397,114,163,112,173,124,153,135,136
398,114,163,112,173,123,153,135,136
399,114,163,112,173,123,153,135,136
400,114,163,112,173,123,153,135,136
401,114,163,112,173,123,153,135,136
402,114,163,112,173,123,153,135,136
403,114,163,112,173,120,153,135,136
404,114,163,112,173,120,153,135,136
405,114,163,112,173,118,153,135,136
406,114,163,112,173,118,153,135,136
407,114,163,112,173,115,153,135,136
408,114,163,112,173,115,153,135,136
409,114,163,112,173,115,153,135,136
410,114,163,112,173,115,153,135,136
411,114,163,112,173,115,153,135,136
412,114,163,112,173,115,153,135,136
413,114,163,112,173,107,153,135,136
414,114,163,112,173,108,153,135,136
415,114,163,112,173,106,153,135,136
416,114,163,112,173,106,153,135,136
417,114,163,112,173,102,153,135,136
418,114,163,112,173,102,153,135,136
419,114,163,112,173,99,153,135,136
420,114,163,112,173,96,153,135,136
421,114,163,112,173,96,153,135,136
422,114,163,112,173,96,153,135,136
423,114,163,112,173,96,153,135,136
424,114,163,112,173,96,153,135,136
425,114,163,112,173,96,153,135,136
426,114,163,112,173,96,153,135,136
427,114,163,112,173,97,153,135,136
428,114,163,112,173,97,153,135,136
429,114,163,112,173,93,153,135,136
430,114,163,112,173,93,153,135,136
431,114,163,112,173,89,153,135,136
432,114,163,112,173,89,153,135,136
433,114,163,112,173,88,153,135,136
434,114,163,112,173,88,153,135,136
435,114,163,112,173,89,153,135,136
436,114,163,112,173,89,153,135,136
437,113,163,112,173,88,153,135,136
438,113,163,112,173,88,153,135,136
439,113,163,112,173,85,153,135,136
440,113,163,112,173,85,153,135,136
441,113,163,112,173,88,153,135,136
442,113,163,112,173,90,153,135,136
443,113,163,112,173,90,153,134,136
444,113,163,112,173,89,153,133,136
445,114,163,114,173,89,153,136,136
446,115,163,115,173,89,153,141,141
447,114,163,115,173,89,153,141,141
448,114,163,115,173,89,153,141,141
449,114,163,115,173,89,153,141,141
450,114,163,115,173,89,153,141,141
451,114,163,115,173,89,153,141,141
452,114,163,115,173,92,153,141,141
453,114,163,115,173,93,153,141,141
454,115,163,115,173,93,153,141,141
455,115,163,115,173,94,153,141,141
456,115,163,115,173,94,153,141,141
457,115,163,115,173,96,153,141,141
458,115,163,115,173,96,153,141,141
459,115,163,115,173,97,153,141,141
460,115,163,115,173,97,153,141,141
461,115,163,115,173,97,153,141,141
462,115,163,115,173,97,153,141,141
463,115,163,115,173,95,153,141,141
464,115,163,115,173,97,153,141,141
465,115,163,115,173,97,153,141,141
466,115,163,115,173,97,153,141,141
467,115,163,115,173,95,153,141,141
468,115,163,115,173,97,153,141,141
469,115,163,115,173,96,153,141,141
470,115,163,115,173,95,153,141,141
471,115,163,115,173,95,153,141,141
472,115,163,115,173,95,153,141,141
473,115,163,115,173,95,153,141,141
474,115,163,115,173,95,153,141,141
475,115,163,115,173,95,153,141,141
476,115,163,115,173,95,153,141,141
477,116,163,115,173,94,153,141,141
478,116,163,115,173,90,153,141,141
479,115,163,115,173,90,153,141,141
480,118,163,109,173,88,153,137,141
481,118,163,109,173,88,153,137,141
482,118,163,109,173,90,153,137,141
483,118,163,109,173,88,153,137,141
484,118,163,109,173,88,153,137,141
485,118,163,109,173,88,153,137,141
486,118,163,109,173,88,153,137,141
487,120,163,109,173,83,153,137,141
488,120,163,109,173,83,153,137,141
489,120,163,109,173,83,153,137,141
490,120,163,109,173,83,153,137,141
491,120,163,116,173,85,153,137,141
492,120,163,116,173,85,153,137,141
493,120,163,116,173,85,153,137,141
494,120,163,116,173,85,153,137,141
495,118,163,116,173,86,153,137,141
496,118,163,116,173,86,153,137,141
497,118,163,116,173,86,153,137,141
498,118,163,116,173,86,153,137,141
499,118,163,116,173,86,153,137,141
500,112,163,119,173,85,153,140,141
501,113,163,117,173,86,153,140,141
502,114,163,116,173,86,153,140,141
503,114,163,114,173,86,153,140,141
504,114,163,114,173,86,153,140,141
505,115,163,114,173,86,153,140,141
506,115,163,114,173,85,153,140,141
507,114,163,114,173,85,153,140,141
508,114,163,114,173,85,153,140,141
509,114,163,114,173,85,153,140,141
510,114,163,114,173,85,153,140,141
511,114,163,114,173,85,153,138,141
512,114,163,114,173,85,153,140,141
513,115,163,115,173,86,153,138,141
514,114,163,115,173,86,153,138,141
515,114,163,117,173,86,153,138,141
516,114,163,117,173,86,153,138,141
517,115,163,117,173,86,153,135,141
518,114,163,117,173,86,153,135,141
519,114,163,117,173,86,153,133,141
520,114,163,117,173,86,153,131,141
521,114,163,119,173,86,153,128,141
522,114,163,119,173,86,153,128,141
523,114,163,119,173,86,153,123,141
524,114,163,117,173,86,153,123,141
525,114,163,117,173,86,153,120,141
526,114,163,117,173,86,153,120,141
527,114,163,117,173,86,153,117,141
528,114,163,117,173,86,153,117,141
529,116,163,117,173,86,153,120,141
530,117,163,117,173,86,153,120,141
531,117,163,117,173,86,153,121,141
532,117,163,117,173,86,153,122,141
533,117,163,117,173,86,153,122,141
534,117,163,117,173,86,153,122,141
535,117,163,117,173,86,153,122,141
536,117,163,117,173,86,153,122,141
537,116,163,117,173,86,153,122,141
538,116,163,117,173,86,153,121,141
539,116,163,117,173,86,153,122,141
540,116,163,117,173,86,153,121,141
541,116,163,117,173,86,153,121,141
542,116,163,117,173,86,153,121,141
543,116,163,117,173,86,153,121,141
544,116,163,117,173,86,153,121,141
545,116,163,117,173,86,153,121,141
546,116,163,117,173,86,153,121,141
547,116,163,117,173,86,153,120,141
548,116,163,117,173,86,153,120,141
549,116,163,117,173,86,153,120,141
550,116,163,117,173,86,153,120,141
551,116,163,117,173,87,153,120,141
552,116,163,117,173,88,153,120,141
553,116,163,117,173,88,153,119,141
554,116,163,117,173,88,153,119,141
555,116,163,117,173,88,153,121,141
556,116,163,117,173,88,153,121,141
557,116,163,117,173,88,153,122,141
558,116,163,117,173,88,153,122,141
559,116,163,120,173,88,153,122,141
560,116,163,120,173,88,153,122,141
561,116,163,120,173,88,153,121,141
562,116,163,120,173,88,153,121,141
563,117,163,120,173,88,153,121,141
564,117,163,120,173,88,153,121,141
565,117,163,120,173,88,153,121,141
566,118,163,119,173,88,153,121,141
567,117,163,119,173,88,153,120,141
568,117,163,119,173,88,153,119,141
569,120,163,119,173,88,153,119,141
570,118,163,119,173,88,153,119,141
571,120,163,119,173,88,153,119,141
572,120,163,119,173,88,153,119,141
573,120,163,119,173,88,153,119,141
574,118,163,119,173,88,153,119,141
575,118,163,119,173,88,153,119,141
576,118,163,119,173,88,153,119,141
577,118,163,119,173,88,153,115,141
578,118,163,119,173,88,153,115,141
579,118,163,119,173,88,153,115,141
580,118,163,119,173,88,153,115,141
581,118,163,119,173,90,153,114,141
582,118,163,119,173,92,153,113,141
583,118,163,119,173,93,153,114,141
584,118,163,119,173,93,153,113,141
585,118,163,119,173,94,153,112,141
586,118,163,119,173,94,153,109,141
587,118,163,119,173,94,153,109,141
588,118,163,119,173,94,153,111,141
589,118,163,120,173,94,153,104,141
590,118,163,120,173,93,153,104,141
591,118,163,120,173,93,153,103,141
592,118,163,119,173,93,153,101,141
593,118,163,119,173,93,153,101,141
594,118,163,119,173,93,153,101,141
595,118,163,119,173,93,153,101,141
596,118,163,117,173,93,153,101,141
597,118,163,117,173,93,153,101,141
598,118,163,117,173,93,153,101,141
599,118,163,115,173,93,153,98,141
600,118,163,112,173,93,153,95,141
601,121,163,112,173,93,153,90,141
602,118,163,112,173,93,153,90,141
603,118,163,112,173,93,153,88,141
604,118,163,112,173,93,153,87,141
605,121,163,112,173,93,153,86,141
606,118,163,112,173,93,153,84,141
607,120,163,112,173,93,153,84,141
608,121,163,112,173,93,153,83,141
609,121,163,112,173,93,153,83,141
610,121,163,112,173,93,153,82,141
611,122,163,112,173,93,153,82,141
612,123,163,112,173,93,153,80,141
613,120,163,112,173,93,153,80,141
614,116,163,110,173,93,153,80,141
615,116,163,110,173,93,153,80,141
616,116,163,110,173,93,153,80,141
617,116,163,110,173,93,153,80,141
618,116,163,110,173,93,153,80,141
619,121,163,112,173,89,153,83,141
620,121,163,112,173,89,153,83,141
621,121,163,112,173,89,153,83,141
622,121,163,112,173,89,153,83,141
623,121,163,112,173,89,153,83,141
624,121,163,112,173,89,153,83,141
625,121,163,112,173,89,153,83,141
626,121,163,112,173,89,153,83,141
627,121,163,112,173,89,153,83,141
628,121,163,112,173,89,153,83,141
629,121,163,112,173,89,153,83,141
630,121,163,112,173,89,153,83,141
631,121,163,112,173,89,153,83,141
632,121,163,112,173,89,153,83,141
633,121,163,112,173,89,153,83,141
634,121,163,112,173,89,153,83,141
635,121,163,112,173,89,153,83,141
636,121,163,112,173,89,153,83,141
637,121,163,112,173,89,153,83,141
638,121,163,112,173,89,153,83,141
639,121,163,112,173,89,153,83,141
640,120,163,112,173,89,153,80,141
641,120,163,112,173,89,153,80,141
642,120,163,112,173,89,153,80,141
643,122,163,112,173,90,153,80,141
644,122,163,112,173,90,153,80,141
645,122,163,112,173,90,153,79,141
646,122,163,112,173,90,153,78,141
647,122,163,114,173,90,153,78,141
648,122,163,114,173,93,153,77,141
649,122,163,114,173,91,153,77,141
650,122,163,114,173,88,153,76,141
651,124,163,114,173,88,153,76,141
652,125,163,114,173,88,153,76,141
653,125,163,114,173,88,153,76,141
654,125,163,114,173,88,153,77,141
655,124,163,114,173,89,153,77,141
656,124,163,114,173,89,153,77,141
657,124,163,115,173,89,153,78,141
658,124,163,115,173,89,153,78,141
659,124,163,115,173,89,153,78,141
660,124,163,115,173,89,153,78,141
661,123,163,115,173,88,153,78,141
662,123,163,115,173,88,153,78,141
663,122,163,115,173,88,153,78,141
664,122,163,115,173,86,153,78,141
665,122,163,115,173,88,153,78,141
666,122,163,114,173,88,153,78,141
667,122,163,114,173,88,153,78,141
668,121,163,114,173,88,153,78,141
669,121,163,114,173,88,153,78,141
670,121,163,114,173,88,153,78,141
671,124,163,114,173,88,153,78,141
672,121,163,114,173,88,153,78,141
673,123,163,114,173,88,153,78,141
674,124,163,114,173,88,153,78,141
675,123,163,114,173,88,153,78,141
676,121,163,114,173,88,153,78,141
677,124,163,113,173,88,153,78,141
678,124,163,113,173,88,153,78,141
679,124,163,112,173,88,153,78,141
680,121,163,112,173,88,153,78,141
681,123,163,112,173,88,153,78,141
682,123,163,112,173,88,153,79,141
683,123,163,111,173,88,153,78,141
684,123,163,111,173,88,153,78,141
685,123,163,111,173,88,153,78,141
686,123,163,111,173,88,153,78,141
687,123,163,111,173,88,153,78,141
688,123,163,111,173,88,153,79,141
689,123,163,111,173,88,153,79,141
690,123,163,112,173,88,153,79,141
691,123,163,112,173,88,153,79,141
692,122,163,113,173,88,153,79,141
693,122,163,113,173,88,153,79,141
694,123,163,113,173,88,153,79,141
695,123,163,113,173,88,153,79,141
696,122,163,113,173,88,153,79,141
697,122,163,113,173,88,153,79,141
698,122,163,113,173,88,153,79,141
699,122,163,113,173,88,153,79,141
700,122,163,113,173,88,153,79,141
701,121,163,113,173,88,153,79,141
702,120,163,113,173,88,153,79,141
703,121,163,113,173,88,153,79,141
704,122,163,113,173,88,153,79,141
705,122,163,113,173,88,153,79,141
