trial_id,sample,ok,iou_mean,dice_mean,boundary_f1_mean,box_iou_mean,runtime_s,error,flags_json
phase9__input_1__camera_stable=0,input_1,True,0.9191607389662637,0.9556215966798393,0.5337484312294446,0.9730472199209202,9.133480861783028,,"{""colorspace"": ""CIELAB"", ""channel_weights"": ""1,0,0"", ""darken_only"": true, ""peak_reference"": true, ""ref_mode"": [""first""], ""ref_running_alpha"": 0.05, ""dynamic_target_fraction"": 0.2, ""dynamic_lag_scale"": 1, ""pre_delta_blur"": ""none"", ""blur"": ""gaussian:9"", ""threshold"": ""otsu"", ""threshold_offset"": 0.0, ""morph_kernel"": 31, ""morph_shape"": ""ellipse"", ""morph_close_iterations"": 1, ""morph_open_iterations"": 1, ""min_area"": 1600, ""lock_frames"": 0, ""camera_stable"": false, ""motion_model"": ""affine"", ""motion_per_frame_threshold"": 1.5, ""cumulative_motion_threshold"": 3, ""peak_on_shift"": ""reset"", ""write_mask_pngs"": ""true"", ""write_overlay_pngs"": ""false"", ""write_heatmap_pngs"": ""false"", ""backend"": ""cuda"", ""__top5_kernels__"": [31, 21, 13, 51, 9], ""roi_mask"": ""/home/j-vaught/bench_vrifa/data/roi_masks/input_1.png""}"
phase9__input_1__camera_stable=1__cumulative_motion_threshold=3__motion_model=translation__motion_per_frame_threshold=1,input_1,True,0.7790941494311008,0.8745553231683456,0.4040189721684534,0.9757197463369705,41.75935963820666,,"{""colorspace"": ""CIELAB"", ""channel_weights"": ""1,0,0"", ""darken_only"": true, ""peak_reference"": true, ""ref_mode"": [""first""], ""ref_running_alpha"": 0.05, ""dynamic_target_fraction"": 0.2, ""dynamic_lag_scale"": 1, ""pre_delta_blur"": ""none"", ""blur"": ""gaussian:9"", ""threshold"": ""otsu"", ""threshold_offset"": 0.0, ""morph_kernel"": 31, ""morph_shape"": ""ellipse"", ""morph_close_iterations"": 1, ""morph_open_iterations"": 1, ""min_area"": 1600, ""lock_frames"": 0, ""camera_stable"": true, ""motion_model"": ""translation"", ""motion_per_frame_threshold"": 1.0, ""cumulative_motion_threshold"": 3.0, ""peak_on_shift"": ""reset"", ""write_mask_pngs"": ""true"", ""write_overlay_pngs"": ""false"", ""write_heatmap_pngs"": ""false"", ""backend"": ""cuda"", ""__top5_kernels__"": [31, 21, 13, 51, 9], ""roi_mask"": ""/home/j-vaught/bench_vrifa/data/roi_masks/input_1.png""}"
phase9__input_1__camera_stable=1__cumulative_motion_threshold=10__motion_model=translation__motion_per_frame_threshold=1,input_1,True,0.7790941494311008,0.8745553231683456,0.4040189721684534,0.9757197463369705,41.81728739477694,,"{""colorspace"": ""CIELAB"", ""channel_weights"": ""1,0,0"", ""darken_only"": true, ""peak_reference"": true, ""ref_mode"": [""first""], ""ref_running_alpha"": 0.05, ""dynamic_target_fraction"": 0.2, ""dynamic_lag_scale"": 1, ""pre_delta_blur"": ""none"", ""blur"": ""gaussian:9"", ""threshold"": ""otsu"", ""threshold_offset"": 0.0, ""morph_kernel"": 31, ""morph_shape"": ""ellipse"", ""morph_close_iterations"": 1, ""morph_open_iterations"": 1, ""min_area"": 1600, ""lock_frames"": 0, ""camera_stable"": true, ""motion_model"": ""translation"", ""motion_per_frame_threshold"": 1.0, ""cumulative_motion_threshold"": 10.0, ""peak_on_shift"": ""reset"", ""write_mask_pngs"": ""true"", ""write_overlay_pngs"": ""false"", ""write_heatmap_pngs"": ""false"", ""backend"": ""cuda"", ""__top5_kernels__"": [31, 21, 13, 51, 9], ""roi_mask"": ""/home/j-vaught/bench_vrifa/data/roi_masks/input_1.png""}"
phase9__input_1__camera_stable=1__cumulative_motion_threshold=1__motion_model=translation__motion_per_frame_threshold=1,input_1,True,0.49598386411800915,0.6139803322061628,0.23472302716949542,0.7858873509168658,50.218335499055684,,"{""colorspace"": ""CIELAB"", ""channel_weights"": ""1,0,0"", ""darken_only"": true, ""peak_reference"": true, ""ref_mode"": [""first""], ""ref_running_alpha"": 0.05, ""dynamic_target_fraction"": 0.2, ""dynamic_lag_scale"": 1, ""pre_delta_blur"": ""none"", ""blur"": ""gaussian:9"", ""threshold"": ""otsu"", ""threshold_offset"": 0.0, ""morph_kernel"": 31, ""morph_shape"": ""ellipse"", ""morph_close_iterations"": 1, ""morph_open_iterations"": 1, ""min_area"": 1600, ""lock_frames"": 0, ""camera_stable"": true, ""motion_model"": ""translation"", ""motion_per_frame_threshold"": 1.0, ""cumulative_motion_threshold"": 1.0, ""peak_on_shift"": ""reset"", ""write_mask_pngs"": ""true"", ""write_overlay_pngs"": ""false"", ""write_heatmap_pngs"": ""false"", ""backend"": ""cuda"", ""__top5_kernels__"": [31, 21, 13, 51, 9], ""roi_mask"": ""/home/j-vaught/bench_vrifa/data/roi_masks/input_1.png""}"
phase9__input_1__camera_stable=1__cumulative_motion_threshold=1__motion_model=translation__motion_per_frame_threshold=2.5,input_1,True,0.49598386411800915,0.6139803322061628,0.23472302716949542,0.7858873509168658,49.523196631111205,,"{""colorspace"": ""CIELAB"", ""channel_weights"": ""1,0,0"", ""darken_only"": true, ""peak_reference"": true, ""ref_mode"": [""first""], ""ref_running_alpha"": 0.05, ""dynamic_target_fraction"": 0.2, ""dynamic_lag_scale"": 1, ""pre_delta_blur"": ""none"", ""blur"": ""gaussian:9"", ""threshold"": ""otsu"", ""threshold_offset"": 0.0, ""morph_kernel"": 31, ""morph_shape"": ""ellipse"", ""morph_close_iterations"": 1, ""morph_open_iterations"": 1, ""min_area"": 1600, ""lock_frames"": 0, ""camera_stable"": true, ""motion_model"": ""translation"", ""motion_per_frame_threshold"": 2.5, ""cumulative_motion_threshold"": 1.0, ""peak_on_shift"": ""reset"", ""write_mask_pngs"": ""true"", ""write_overlay_pngs"": ""false"", ""write_heatmap_pngs"": ""false"", ""backend"": ""cuda"", ""__top5_kernels__"": [31, 21, 13, 51, 9], ""roi_mask"": ""/home/j-vaught/bench_vrifa/data/roi_masks/input_1.png""}"
phase9__input_1__camera_stable=1__cumulative_motion_threshold=10__motion_model=translation__motion_per_frame_threshold=2.5,input_1,True,0.9191607389662637,0.9556215966798393,0.5337484312294446,0.9730472199209202,39.52182207535952,,"{""colorspace"": ""CIELAB"", ""channel_weights"": ""1,0,0"", ""darken_only"": true, ""peak_reference"": true, ""ref_mode"": [""first""], ""ref_running_alpha"": 0.05, ""dynamic_target_fraction"": 0.2, ""dynamic_lag_scale"": 1, ""pre_delta_blur"": ""none"", ""blur"": ""gaussian:9"", ""threshold"": ""otsu"", ""threshold_offset"": 0.0, ""morph_kernel"": 31, ""morph_shape"": ""ellipse"", ""morph_close_iterations"": 1, ""morph_open_iterations"": 1, ""min_area"": 1600, ""lock_frames"": 0, ""camera_stable"": true, ""motion_model"": ""translation"", ""motion_per_frame_threshold"": 2.5, ""cumulative_motion_threshold"": 10.0, ""peak_on_shift"": ""reset"", ""write_mask_pngs"": ""true"", ""write_overlay_pngs"": ""false"", ""write_heatmap_pngs"": ""false"", ""backend"": ""cuda"", ""__top5_kernels__"": [31, 21, 13, 51, 9], ""roi_mask"": ""/home/j-vaught/bench_vrifa/data/roi_masks/input_1.png""}"
phase9__input_1__camera_stable=1__cumulative_motion_threshold=3__motion_model=translation__motion_per_frame_threshold=2.5,input_1,True,0.781419512716403,0.8760319452448444,0.4056028520892336,0.9757197463369705,40.292921104468405,,"{""colorspace"": ""CIELAB"", ""channel_weights"": ""1,0,0"", ""darken_only"": true, ""peak_reference"": true, ""ref_mode"": [""first""], ""ref_running_alpha"": 0.05, ""dynamic_target_fraction"": 0.2, ""dynamic_lag_scale"": 1, ""pre_delta_blur"": ""none"", ""blur"": ""gaussian:9"", ""threshold"": ""otsu"", ""threshold_offset"": 0.0, ""morph_kernel"": 31, ""morph_shape"": ""ellipse"", ""morph_close_iterations"": 1, ""morph_open_iterations"": 1, ""min_area"": 1600, ""lock_frames"": 0, ""camera_stable"": true, ""motion_model"": ""translation"", ""motion_per_frame_threshold"": 2.5, ""cumulative_motion_threshold"": 3.0, ""peak_on_shift"": ""reset"", ""write_mask_pngs"": ""true"", ""write_overlay_pngs"": ""false"", ""write_heatmap_pngs"": ""false"", ""backend"": ""cuda"", ""__top5_kernels__"": [31, 21, 13, 51, 9], ""roi_mask"": ""/home/j-vaught/bench_vrifa/data/roi_masks/input_1.png""}"
phase9__input_1__camera_stable=1__cumulative_motion_threshold=3__motion_model=affine__motion_per_frame_threshold=1,input_1,True,0.7790941494311008,0.8745553231683456,0.4040189721684534,0.9757197463369705,44.968717007897794,,"{""colorspace"": ""CIELAB"", ""channel_weights"": ""1,0,0"", ""darken_only"": true, ""peak_reference"": true, ""ref_mode"": [""first""], ""ref_running_alpha"": 0.05, ""dynamic_target_fraction"": 0.2, ""dynamic_lag_scale"": 1, ""pre_delta_blur"": ""none"", ""blur"": ""gaussian:9"", ""threshold"": ""otsu"", ""threshold_offset"": 0.0, ""morph_kernel"": 31, ""morph_shape"": ""ellipse"", ""morph_close_iterations"": 1, ""morph_open_iterations"": 1, ""min_area"": 1600, ""lock_frames"": 0, ""camera_stable"": true, ""motion_model"": ""affine"", ""motion_per_frame_threshold"": 1.0, ""cumulative_motion_threshold"": 3.0, ""peak_on_shift"": ""reset"", ""write_mask_pngs"": ""true"", ""write_overlay_pngs"": ""false"", ""write_heatmap_pngs"": ""false"", ""backend"": ""cuda"", ""__top5_kernels__"": [31, 21, 13, 51, 9], ""roi_mask"": ""/home/j-vaught/bench_vrifa/data/roi_masks/input_1.png""}"
phase9__input_1__camera_stable=1__cumulative_motion_threshold=1__motion_model=affine__motion_per_frame_threshold=1,input_1,True,0.49598386411800915,0.6139803322061628,0.23472302716949542,0.7858873509168658,62.3071637256071,,"{""colorspace"": ""CIELAB"", ""channel_weights"": ""1,0,0"", ""darken_only"": true, ""peak_reference"": true, ""ref_mode"": [""first""], ""ref_running_alpha"": 0.05, ""dynamic_target_fraction"": 0.2, ""dynamic_lag_scale"": 1, ""pre_delta_blur"": ""none"", ""blur"": ""gaussian:9"", ""threshold"": ""otsu"", ""threshold_offset"": 0.0, ""morph_kernel"": 31, ""morph_shape"": ""ellipse"", ""morph_close_iterations"": 1, ""morph_open_iterations"": 1, ""min_area"": 1600, ""lock_frames"": 0, ""camera_stable"": true, ""motion_model"": ""affine"", ""motion_per_frame_threshold"": 1.0, ""cumulative_motion_threshold"": 1.0, ""peak_on_shift"": ""reset"", ""write_mask_pngs"": ""true"", ""write_overlay_pngs"": ""false"", ""write_heatmap_pngs"": ""false"", ""backend"": ""cuda"", ""__top5_kernels__"": [31, 21, 13, 51, 9], ""roi_mask"": ""/home/j-vaught/bench_vrifa/data/roi_masks/input_1.png""}"
phase9__input_1__camera_stable=1__cumulative_motion_threshold=10__motion_model=affine__motion_per_frame_threshold=1,input_1,True,0.7790941494311008,0.8745553231683456,0.4040189721684534,0.9757197463369705,45.335298934951425,,"{""colorspace"": ""CIELAB"", ""channel_weights"": ""1,0,0"", ""darken_only"": true, ""peak_reference"": true, ""ref_mode"": [""first""], ""ref_running_alpha"": 0.05, ""dynamic_target_fraction"": 0.2, ""dynamic_lag_scale"": 1, ""pre_delta_blur"": ""none"", ""blur"": ""gaussian:9"", ""threshold"": ""otsu"", ""threshold_offset"": 0.0, ""morph_kernel"": 31, ""morph_shape"": ""ellipse"", ""morph_close_iterations"": 1, ""morph_open_iterations"": 1, ""min_area"": 1600, ""lock_frames"": 0, ""camera_stable"": true, ""motion_model"": ""affine"", ""motion_per_frame_threshold"": 1.0, ""cumulative_motion_threshold"": 10.0, ""peak_on_shift"": ""reset"", ""write_mask_pngs"": ""true"", ""write_overlay_pngs"": ""false"", ""write_heatmap_pngs"": ""false"", ""backend"": ""cuda"", ""__top5_kernels__"": [31, 21, 13, 51, 9], ""roi_mask"": ""/home/j-vaught/bench_vrifa/data/roi_masks/input_1.png""}"
phase9__input_1__camera_stable=1__cumulative_motion_threshold=1__motion_model=affine__motion_per_frame_threshold=2.5,input_1,True,0.49598386411800915,0.6139803322061628,0.23472302716949542,0.7858873509168658,61.45743385422975,,"{""colorspace"": ""CIELAB"", ""channel_weights"": ""1,0,0"", ""darken_only"": true, ""peak_reference"": true, ""ref_mode"": [""first""], ""ref_running_alpha"": 0.05, ""dynamic_target_fraction"": 0.2, ""dynamic_lag_scale"": 1, ""pre_delta_blur"": ""none"", ""blur"": ""gaussian:9"", ""threshold"": ""otsu"", ""threshold_offset"": 0.0, ""morph_kernel"": 31, ""morph_shape"": ""ellipse"", ""morph_close_iterations"": 1, ""morph_open_iterations"": 1, ""min_area"": 1600, ""lock_frames"": 0, ""camera_stable"": true, ""motion_model"": ""affine"", ""motion_per_frame_threshold"": 2.5, ""cumulative_motion_threshold"": 1.0, ""peak_on_shift"": ""reset"", ""write_mask_pngs"": ""true"", ""write_overlay_pngs"": ""false"", ""write_heatmap_pngs"": ""false"", ""backend"": ""cuda"", ""__top5_kernels__"": [31, 21, 13, 51, 9], ""roi_mask"": ""/home/j-vaught/bench_vrifa/data/roi_masks/input_1.png""}"
phase9__input_1__camera_stable=1__cumulative_motion_threshold=3__motion_model=affine__motion_per_frame_threshold=2.5,input_1,True,0.781419512716403,0.8760319452448444,0.4056028520892336,0.9757197463369705,40.99440853949636,,"{""colorspace"": ""CIELAB"", ""channel_weights"": ""1,0,0"", ""darken_only"": true, ""peak_reference"": true, ""ref_mode"": [""first""], ""ref_running_alpha"": 0.05, ""dynamic_target_fraction"": 0.2, ""dynamic_lag_scale"": 1, ""pre_delta_blur"": ""none"", ""blur"": ""gaussian:9"", ""threshold"": ""otsu"", ""threshold_offset"": 0.0, ""morph_kernel"": 31, ""morph_shape"": ""ellipse"", ""morph_close_iterations"": 1, ""morph_open_iterations"": 1, ""min_area"": 1600, ""lock_frames"": 0, ""camera_stable"": true, ""motion_model"": ""affine"", ""motion_per_frame_threshold"": 2.5, ""cumulative_motion_threshold"": 3.0, ""peak_on_shift"": ""reset"", ""write_mask_pngs"": ""true"", ""write_overlay_pngs"": ""false"", ""write_heatmap_pngs"": ""false"", ""backend"": ""cuda"", ""__top5_kernels__"": [31, 21, 13, 51, 9], ""roi_mask"": ""/home/j-vaught/bench_vrifa/data/roi_masks/input_1.png""}"
phase9__input_1__camera_stable=1__cumulative_motion_threshold=10__motion_model=affine__motion_per_frame_threshold=2.5,input_1,True,0.9191607389662637,0.9556215966798393,0.5337484312294446,0.9730472199209202,37.67811602074653,,"{""colorspace"": ""CIELAB"", ""channel_weights"": ""1,0,0"", ""darken_only"": true, ""peak_reference"": true, ""ref_mode"": [""first""], ""ref_running_alpha"": 0.05, ""dynamic_target_fraction"": 0.2, ""dynamic_lag_scale"": 1, ""pre_delta_blur"": ""none"", ""blur"": ""gaussian:9"", ""threshold"": ""otsu"", ""threshold_offset"": 0.0, ""morph_kernel"": 31, ""morph_shape"": ""ellipse"", ""morph_close_iterations"": 1, ""morph_open_iterations"": 1, ""min_area"": 1600, ""lock_frames"": 0, ""camera_stable"": true, ""motion_model"": ""affine"", ""motion_per_frame_threshold"": 2.5, ""cumulative_motion_threshold"": 10.0, ""peak_on_shift"": ""reset"", ""write_mask_pngs"": ""true"", ""write_overlay_pngs"": ""false"", ""write_heatmap_pngs"": ""false"", ""backend"": ""cuda"", ""__top5_kernels__"": [31, 21, 13, 51, 9], ""roi_mask"": ""/home/j-vaught/bench_vrifa/data/roi_masks/input_1.png""}"
